159;117;117;116;115;119;116;118;112;-420.207;-576.63125;-767.59775;-1073.88975;-1046.42325;-750.6105;-805.10275;-325.7325;-269.097;117;118;121;140;146;118
173;153;131;123;148;150;154;159;126;-308.65125;-845.21375;-953.839;-951.09825;-956.018;-1048.164;-714.19175;-596.0235;-309.61775;147;157;160;163;151;121
170;164;161;162;161;147;145;160;147;-326.108;-797.65175;-1055.57075;-1215.3485;-1186.8125;-1066.66675;-1070.578;-715.77475;-340.9835;159;160;159;162;170;252
311;341;327;316;348;496;670;1088;1537;1094.44975;689.73825;526.02325;427.36225;195.31375;90.4875;-24.67975;201.447;690.46175;957;882;822;888;770;462
404;397;377;374;389;543;863;1237;1355;798.27;489.124;187.1465;139.44375;143.804;68.72725;107.213;252.267;710.0805;1010;880;835;918;790;353
288;252;254;252;276;273;273;316;314;-215.738;-546.99175;-682.72475;-689.8305;-792.65875;-719.3745;-720.0595;-565.42;-206.54725;238;266;244;245;268;365
410;418;404;402;472;712;1001;1449;1645;1085.28325;767.841;606.6835;412.51075;380.173;217.7915;120.99725;286.71125;488.82825;1069;1041;998;1065;868;583
533;515;507;506;561;783;1039;1513;1600;1031.88675;441.439;344.001;203.848;144.124;-8.82975;-112.03125;14.96525;397.6505;1055;996;1035;1061;826;437
383;351;350;345;350;364;344;300;238;-312.86075;-598.2555;-1001.75725;-1118.233;-1102.705;-1041.9435;-1058.19375;-916.9655;-418.25575;224;229;229;243;234;237
304;270;232;219;239;264;259;265;222;-290.70575;-501.66;-491.55425;-336.97025;-67.87275;-225.4635;-234.804;-142.32475;42.8435;479;467;473;475;466;659
768;769;775;761;794;982;1123;1358;1556;974.3545;586.363;380.19975;299.259;471.6355;567.32575;63.05725;247.8265;486.15725;1127;1077;1050;1077;963;817
827;825;783;800;844;1047;1194;1472;1583;1005.44925;437.87025;205.72925;243.075;349.751;87.24925;410.8445;303.6615;523.63525;1070;979;999;967;888;772
781;762;776;731;792;981;1179;1459;1542;908.1635;709.54375;713.2185;676.79175;355.46025;198.91225;114.54925;555.26875;652.1685;1026;971;1045;1058;975;748
773;745;729;738;768;995;1179;1501;1617;732.31675;783.239;706.348;643.544;663.57875;655.458;293.1445;349.1515;708.10725;1135;1115;1132;1134;1001;767
754;759;752;749;808;984;1194;1515;1652;1205.8875;754.8685;521.8815;505.359;567.93025;602.93025;339.137;534.65325;722.96675;1093;1043;1034;1028;853;453
403;401;396;403;406;481;678;863;860;293.0835;55.6075;-70.31775;-248.3825;-448.90075;-208.66225;-338.73275;-244.6845;-213.818;432;445;429;469;410;255
279;232;234;219;214;214;200;277;257;-72.68975;-354.171;-389.357;-469.6805;-500.57575;-601.163;-864.0555;-747.55575;-169.2005;344;351;344;352;358;686
812;828;841;804;915;1083;1155;1451;1547;942.661;580.357;330.882;491.3;416.49225;447.019;392.66375;450.4065;556.98725;1105;1075;1087;1016;973;856
862;852;846;830;855;973;1178;1453;1535;1183.429;771.79975;696.0775;645.8015;609.81175;341.3505;142.92875;749.29075;856.97475;1021;995;1026;1044;1001;870
863;891;876;850;872;1004;1176;1462;1531;1161.2525;1075.2745;942.94275;1010.11425;930.6445;884.0825;682.93225;509.78325;674.672;998;952;989;990;955;894
944;926;893;847;886;1004;1127;1341;1445;1173.0755;978.178;745.678;908.201;807.6465;772.69225;652.19475;696.101;971.97975;1063;981;1015;1028;999;879
882;859;860;802;839;931;1141;1473;1453;1171.7695;872.36625;928.73175;949.37925;696.242;719.011;580.46825;730.35875;876.008;1050;1041;1055;1076;908;453
418;464;458;441;452;407;449;587;621;543.0155;317.65025;92.3115;-16.024;-327.472;-321.844;-555.125;-281.05575;-205.9185;419;366;353;368;338;194
224;196;193;189;184;184;188;224;199;-279.66725;-527.0405;-585.14675;-587.7065;-681.6915;-596.683;-510.30225;-360.0665;-150.645;379;362;319;352;400;727
844;854;842;833;951;1084;1135;1363;1540;1250.63725;975.57275;731.29975;485.115;670.86825;449.2225;187.12525;412.99825;809.30575;1096;1086;1112;1096;1061;929
931;925;884;876;916;1027;1343;1494;1580;877.248;713.2635;694.01425;561.908;584.29075;237.0255;212.9495;195.897;576.06725;1037;1026;996;996;995;916
902;935;889;874;913;1009;1125;1356;1559;927.11825;780.44175;413.9745;1005.42225;977.76275;932.92725;468.88825;463.3985;533.094;990;1072;1047;1072;1013;904
879;874;881;807;869;1000;1114;1307;1481;936.49875;396.0335;666.0225;691.0055;732.68425;161.826;269.228;376.027;509.6205;1009;932;947;982;754;253
211;216;197;199;193;200;284;475;491;144.0805;0.54025;-183.83275;-453.309;-349.6255;-505.52925;-632.575;-481.51325;-216.73875;345;376;391;382;333;208
153;149;147;143;142;140;183;200;222;-258.13875;-810.948;-857.7985;-888.8935;-661.03225;-382.574;-233.21575;-477.70625;-198.35875;385;380;378;379;313;147
165;139;132;133;132;135;128;145;178;-356.98675;-655.41325;-698.92;-1073.86975;-1037.872;-914.728;-704.9655;-604.893;-370.81975;315;309;296;303;357;640
735;741;770;741;927;967;956;1218;1349;698.44575;330.33175;432.53375;323.73775;303.65225;293.86275;202.21975;410.8635;810.33525;1087;1017;1027;1027;977;811
786;778;799;770;796;817;987;1267;1383;937.302;692.51475;618.8765;538.9425;487.6515;314.624;198.18325;452.471;407.57425;1095;1038;1050;1048;1005;836
852;841;856;812;834;961;1113;1376;1441;925.73725;504.11025;355.51475;156.09625;116.163;250.39625;263.332;-81.31575;408.3415;1074;1015;1046;1060;994;782
799;795;807;735;785;784;921;1167;1284;625.439;355.18325;541.64075;781.81825;573.7165;853.522;651.5125;651.80575;727.47925;1039;1050;1018;1091;1052;848
804;795;798;784;803;935;1101;1158;1281;714.01925;462.407;123.0235;260.2625;365.56475;169.728;307.496;324.1105;606.692;1119;1035;998;1087;897;534
413;345;322;312;320;311;346;443;508;-284.4395;-376.44725;-454.0625;-389.91575;-468.3525;-481.69575;-494.926;-356.15425;-279.106;342;320;323;338;274;157
152;136;133;132;129;127;128;275;332;-470.7025;-701.8705;-797.55125;-661.855;-656.53175;-724.6565;-747.7345;-496.63475;-220.52225;391;407;381;415;346;637
709;709;707;687;856;950;981;1311;1493;946.16675;699.6585;510.70775;606.615;297.838;234.717;72.13125;290.40925;216.316;1115.3285;1138;1100;1142;1024;791
832;866;873;821;819;852;968;1353;1565;688.068;209.667;59.342;-27.04975;-52.121;-149.181;211.23075;254.77275;505.89275;1110.218;1107;1093;1090;1050;906
892;873;876;839;859;962;1163;1534;1642;1192.86225;1031.37125;797.48;574.812;290.26275;220.71775;-240.897;181.864;424.94725;1108.399;1081;1057;1085;1022;823
824;817;823;817;812;851;1008;1321;1526;731.7585;648.714;331.35;282.0965;279.761;205.10025;104.892;215.03175;500.9975;1104.64625;1124;1124;1091;1019;827
832;841;834;795;839;940;1053;1320;1422;1080.53925;851.191;529.23125;201.17425;144.50675;303.17075;138.61625;23.263;401.647;1042.82;1033;975;966;765;439
384;377;371;366;365;349;388;465;504;48.6935;-193.282;-136.8295;31.8185;-137.19275;-316.7775;-380.5025;-168.61075;-417.59775;409.11925;454;422;428;340;204
200;141;133;130;134;126;159;376;402;-472.80875;-632.6045;-576.1555;-628.334;-743.13;-765.14725;-788.198;-553.2765;-275.6875;352.77825;471;437;413;370;644
669;695;710;712;822;920;970;1259;1425;473.92425;141.35775;80.12675;59.5125;65.095;-76.184;-215.43625;-46.044;229.53925;1024.4545;1082;1057;1151;996;875
852;861;880;852;875;972;1121;1300;1458;871.631;260.789;132.5785;-4.96275;43.93;-45.7195;-84.1035;122.45625;113.67925;958.17325;997;1016;1010;1008;870
855;866;850;809;830;845;1057;1287;1411;769.55625;337.61225;249.10275;567.5395;525.12125;374.85775;-45.6345;232.66675;431.19725;889.652;1038;1014;1036;954;849
862;859;843;804;854;901;1053;1273;1393;281.33175;236.3885;91.74525;59.14525;-91.334;-193.887;-400.546;8.86575;238.6655;874.82125;942;994;981;886;799
797;824;832;781;803;899;1087;1279;1368;807.61175;571.1985;503.88725;316.7465;177.3325;142.87775;-37.841;-48.3765;151.64125;479.43375;922;927;916;777;557
421;361;348;340;335;342;337;484;602;-16.33175;-362.92225;-365.234;-480.61625;-659.0565;-835.527;-728.4095;-627.60875;-526.7355;-161.07975;312;296;329;290;151
141;131;128;125;124;120;157;409;429;-538.21075;-871.5945;-691.472;-591.02425;-874.70575;-818.48225;-1010.94375;-924.01;-690.946;-199.249;364;359;371;373;681
735;752;766;726;878;994;1067;1338;1522.93025;471.83725;277.7125;234.3395;41.92775;21.3475;-141.857;-228.35225;-130.558;45.5325;470.751;1063;1036;1022;984;831
807;813;794;802;797;905;1089;1286;1384.80825;578.83875;187.001;113.57025;120.19025;206.44225;99.65075;-38.553;-59.28125;145.5445;281.35825;969;971;1023;980;790
815;811;790;742;795;893;1046;1410;1484.68175;626.21;333.3795;201.364;251.17325;20.6325;-135.1665;-372.6655;-352.073;-182.84725;209.5255;916;929;999;953;775
783;789;796;775;804;845;1050;1258;1357.93925;268.5595;83.97675;-64.069;-94.336;-20.61125;-175.9235;-349.89325;-345.6355;-96.39475;222.0825;1044;983;1012;1017;806
824;801;777;739;801;845;1047;1308;1342.69225;237.8625;7.021;-45.7875;-34.34625;191.4455;53.5875;-67.89425;-192.2725;-108.313;265.42325;1037;965;913;767;261
180;143;134;129;129;127;152;377;306.47025;-570.86675;-451.496;-572.2155;-696.08975;-909.10575;-806.3405;-756.311;-627.97525;-410.2915;-118.988;414;332;310;271;159
158;155;156;137;116;121;133;179;143.2625;-432.36725;-474.963;-485.677;-467.23875;-495.01375;-412.95875;-399.36875;-255.77;-224.16775;115.5295;362;314;325;306;662
748;760;804;727;884;967;1016;1325;1384.05275;585.63925;93.26825;320.20425;337.64375;558.11075;521.9865;175.00025;96.93175;559.7965;602.2795;1001;984;1069;1006;801
793;799;819;794;794;856;1031;1329;1359.5485;482.6265;110.74325;295.92225;482.89;479.53375;486.68;64.78775;44.31275;332.156;719.678;1030;1023;1094;1035;811
848;832;837;791;804;905;1080;1386;1172.306;552.35875;570.12575;667.45625;73.42275;382.90125;231.066;209.2825;519.8905;740.99175;856.94475;1069;1076;1050;973;824
824;837;839;790;799;865;1100;1278;1035.978;1036.11375;817.34875;565.14325;186.21375;356.1815;-42.59075;-218.00225;-160.94525;286.79175;591.732;988;970;1013;765;481
462;464;476;497;470;507;782;846;768.5345;347.4;-315.2045;-265.71925;-156.7895;151.86725;-242.1715;-265.436;61.37975;76.968;307.79925;696;665;667;575;346
317;312;311;305;308;305;327;394;134.1095;-390.193;-494.88475;-425.0305;-583.23475;-184.688;-546.238;-795.49275;-580.69725;-588.794;-119.309;346;318;299;305;152
147;131;128;124;127;129;150;153;-236.252;-646.275;-699.674;-842.68225;-888.36825;-688.49675;-1109.48075;-1102.9315;-909.82875;-493.12475;-181.0765;301;290;322;330;706
774;770;769;738;885;919;981;1204;1385.688;622.3965;523.249;439.23425;393.86125;628.62775;-134.0135;-68.90375;35.03825;336.48775;711.04225;1105;1094;1097;1023;785
782;823;805;781;813;910;1097;1400;1090.16825;443.8735;349.47075;399.75;122.18275;514.592;297.45525;402.67675;562.87825;434.33975;647.8735;1023;1067;1139;999;797
796;818;860;815;861;972;1157;1376;1034.18575;443.1605;326.295;133.0725;287.19875;376.3545;7.6445;107.79525;68.556;33.82275;503.699;954;993;1044;1007;793
818;823;851;792;805;936;1093;1265;1032.24025;602.03325;281.50475;-119.56575;-62.32575;203.72225;-171.3755;-159.6215;121.74125;415.439;575.29475;1049;976;1081;968;771
767;806;795;778;812;917;1087;1288;940.96375;511.75625;118.04525;111.079;9.77275;402.64425;440.14625;56.9825;66.81475;134.63375;480.35125;1036;993;1026;800;340
326;325;317;346;356;390;498;614;369.10575;171.48075;-98.0335;-7.05675;-574.95475;-537.7865;-130.02175;-502.3885;-635.84;-548.75725;-169.04125;313;335;362;314;147
147;135;134;131;133;124;158;223;-71.8235;-571.9865;-551.91875;-727.72525;-732.06025;-802.21575;-417.03575;-773.1585;-679.8005;-385.27275;-175.956;300;274;352;348;698
806;841;808;819;932;1107;1173;1574;895.16475;346.7775;148.6705;369.93825;191.99775;205.467;241.559;-119.368;93.2765;189.5635;475.81725;1033;1019;1049;939;817
821;841;823;792;793;928;1150;1468;867.7375;536.038;391.551;370.14075;492.5765;313.649;280.70425;341.7975;437.6715;240.2375;558.95;1117;1069;1090;1038;793
815;834;841;836;830;963;1165;1492;1180.26025;950.05675;746.35475;731.88525;734.8675;682.67925;674.1605;381.54375;433.62375;506.292;746.811;1007;951;939;927;816
839;821;826;757;798;950;1155;1468;1110.80225;786.0095;493.80075;420.39;817.18425;651.26125;581.81475;423.05025;389.093;407.43625;279.862;973;927;978;916;811
835;846;850;809;797;997;1185;1503;1143.23975;549.00225;579.97025;532.62125;597.779;700.56525;479.40225;523.215;485.7365;528.83325;665.20425;1010;985;1027;855;384
374;351;353;339;309;382;526;638;48.48475;-260.38975;-414.833;-315.25325;-297.26925;-665.09625;-628.217;-668.78075;-576.6225;-601.16975;-144.64;551;461;467;400;198
207;175;184;174;154;164;188;241;-560.52;-827.372;-1064.12225;-843.81225;-920.05925;-683.1015;-660.60525;-754.65375;-702.822;-794.913;-274.37875;478;353;347;333;614
638;665;717;648;810;918;1051;1447;970.42425;553.7765;228.1825;280.641;241.54075;373.32275;362.63975;540.17325;521.92625;565.027;850.341;1327;1328;1411;1192;767
750;763;753;736;734;908;1084;1453;1101.94125;642.7005;317.2305;67.432;55.4405;47.55975;56.181;218.73125;572.4125;939.642;989.96375;1282;1275;1288;1151;751
782;731;731;670;695;821;1068;1571;1108.5585;657.4785;602.56275;571.69575;370.045;585.663;674.725;400.46475;648.98075;618.7255;903.44925;1286;1226;1261;1078;693
698;716;700;678;658;783;1021;1417;1249.33125;1126.1;867.04;840.974;679.5725;646.122;767.2825;772.8215;563.7285;645.481;505.3065;1167;1152;1170;980;666
682;674;681;653;686;780;987;1377;1138.16175;908.899;870.177;640.8455;276.47625;166.62175;178.99375;-14.66075;-116.439;-77.09;154.61425;1093;1125;1129;869;244
217;177;168;162;158;314;501;741;68.455;5.9065;146.2905;48.13025;-366.808;-765.593;-879.542;-811.02075;-832.06975;-671.4015;-427.794;317;299;316;286;152
154;139;0;135;123;117;146;246;-403.001;-719.92175;-874.40175;-1009.44075;-878.06;-868.768;-933.167;-1061.87575;-1039.698;-741.86575;-466.0225;309;291;335;323;614
683;756;742;688;811;941;971;1384;823.87525;516.477;349.381;254.71775;282.6905;197.24875;127.533;21.952;178.511;234.43325;442.33875;1337;1294;1340;1123;769
786;778;756;721;776;865;1029;1441.34025;785.79275;404.68175;25.53575;-16.33575;37.21675;12.28975;-64.15625;-150.226;37.61025;335.81175;514.291;1250;1205;1289;1145;780
749;774;774;718;769;853;1001;1375.863;1078.6975;965.9055;709.9745;885.519;828.1665;950.943;534.97325;865.71675;789.38425;797.4345;1119.72275;1218.98725;1221;1251;907;218
170;165;174;164;167;204;293;311.4;-95.9625;-85.987;-133.81775;-70.58675;-128.82825;-131.14575;10.19375;-118.84375;-77.2885;144.9225;75.57375;453.3115;439;395;300;145
160;157;158;152;149;167;234;191.0245;-140.459;-211.15175;-88.9155;-61.26025;-268.35525;-434.2385;-653.63675;-340.78475;-295.5965;-161.9815;-110.1915;318.57575;335;328;250;123
120;113;110;109;107;130;135;110.37475;-449.162;-591.9315;-399.396;-327.288;-204.91575;-446.02975;-306.81425;-507.56875;-471.82625;-394.0305;-278.9075;250.19325;262;302;275;131
123;115;113;111;111;110;135;113.52525;-640.272;-953.865;-1011.37175;-1120.265;-761.27575;-758.798;-723.66475;-830.895;-810.95625;-681.7195;-462.15625;235.20775;260;315;313;602
631;671;681;642;773;891;978;1226.179;932.92375;581.19475;373.017;597.06925;433.31725;542.045;517.8315;402.067;385.82925;476.7135;517.0975;1030.1435;1145;1149;1034;684
685;692;681;680;710;795;1003;1329.682;928.3535;538.06325;405.5215;706.9975;442.1925;493.57475;516.13925;399.13875;495.065;643.7;851.71425;1247.23375;1354;1374;1282;906
831;728;744;706;765;860;1079;1365.9885;962.08375;745.56375;389.30275;701.09625;615.563;984.11175;950.74375;817.61025;583.51775;672.21775;817.88725;1256.48325;1302;1334;1154;863
840;745;735;747;693;839;1063;1434.841;1353.65875;977.79925;723.61925;874.71775;779.623;857.22925;852.458;171.7645;406.6835;782.6875;759.63675;1151.0155;1326;1266;1071;835
827;733;712;710;707;777;952;1074.68825;767.456;514.074;455.76225;413.79375;132.312;91.95925;168.464;32.42125;306.23325;201.0055;497.0665;921.59775;1117;1170;887;197
158;134;116;115;115;145;333;342.39175;70.7935;-320.74675;-316.77975;-91.481;-266.89325;-638.7365;-559.03125;-787.72175;-707.1355;-309.18025;3.237;229.93025;297;334;300;138
140;129;121;119;116;110;142;38.3775;-316.00025;-499.48075;-477.16625;-289.433;-337.7695;-336.83325;-244.00775;-245.774;-208.05075;-178.7135;51.88775;216.67975;397;381;354;691
756;779;779;737;935;1022;1102;1162.68675;1040.233;699.4565;511.227;593.696;432.9725;931.624;613.7405;-49.844;-2.80825;93.55525;318.955;876.76475;1116;1095;1050;881
877;882;873;872;927;1039;1217;1095.967;681.4335;443.98025;284.09225;408.7635;284.41675;230.498;213.45675;-54.77625;40.26025;50.95425;189.687;800.3875;964;964;937;879
896;855;899;847;825;941;1135;960.6675;530.0725;337.8735;118.63525;197.013;94.014;79.07925;-31.91725;-5.33625;98.33;160.9395;571.369;821.254;1040;1065;998;871
874;856;855;787;853;943;1157;1141.633;637.194;591.3535;507.2535;350.67975;253.95875;189.69675;161.09025;-11.24525;-62.556;155.491;307.72925;747.12625;984;1038;955;816
850;811;817;796;839;966;1105;882.0515;578.6745;505.75975;506.87025;570.79125;479.3515;463.73475;449.8725;371.62875;1.2365;97.79275;333.25275;821.55225;1036;1158;885;423
395;387;378;362;372;424;560;329.306;-85.97625;-439.27925;-620.252;-538.75025;-598.43475;-880.43875;-842.506;-650.70175;-561.4475;-752.47225;-490.40875;-155.059;298;345;331;164
166;137;131;130;128;124;159;-107.74975;-340.92825;-406.88475;-383.50375;-380.06625;-523.85825;-736.50925;-627.74375;-656.8335;-396.214;-280.3095;-253.8755;72.1165;276;314;312;725
817;845;834;793;963;1070;1151;889.828;810.30475;714.61575;458.084;440.41725;371.56525;399.39825;304.9945;-101.55375;451.19675;338.48875;738.20725;1045.5285;1145;1205;1020;872
852;841;879;826;848;979;1131;1217.695;1019.634;644.9765;491.61075;482.56925;287.99925;370.17975;417.70525;426.16275;597.054;539.79425;701.00375;927.894;1143;1213;1070;909
897;863;838;825;859;976;1140;982.02275;934.6655;805.84475;719.93975;667.67925;715.0825;501.86175;613.6275;627.45925;430.48825;529.56325;715.508;842.542;1211;1179;1051;877
878;845;878;851;875;961;1128;927.12175;740.487;530.18225;806.917;773.38575;674.84425;587.9105;454.74625;442.9565;680.47375;727.7555;1021.09225;1018.60025;1035;1007;774;485
445;411;402;409;421;533;761;570.0275;555.4195;440.8255;330.9465;417.93025;365.4575;-25.25;29.13275;-222.1165;-139.377;29.5375;91.4835;244.9015;531;525;367;196
210;202;189;178;171;260;432;244.418;171.6915;27.64875;-7.54325;61.685;-260.498;-397.54825;-375.484;17.55775;-138.91025;-0.91725;87.32575;312.931;553;539;391;161
154;144;137;131;127;134;266;-174.92375;-478.257;-736.1865;-610.64575;-188.149;-524.646;-73.833;-376.0075;-379.3075;-160.25425;-232.46225;121.7135;238.6435;405;417;345;672
758;752;768;719;895;1009;1055;752.1145;684.34575;477.8435;328.1935;481.69925;459.0785;418.10525;455.72775;498.525;546.23625;567.93975;654.57175;859.96125;1217;1274;1149;866
850;831;815;779;814;983;1149;989.26875;912.341;690.24675;585.26175;405.7185;241.78775;302.18025;303.99125;41.624;290.66525;548.6295;429.955;756.0515;1152;1192;1097;854
829;843;831;810;809;941;1126;731.85925;709.4355;385.7325;75.18;292.14025;425.613;181.7675;304.347;496.01275;532.3205;502.5475;610.8805;909.6395;1374;1372;1206;950
913;887;867;825;831;962;1133;880.02725;1105.58975;966.08875;722.10275;785.906;957.69875;810.00775;518.47825;735.551;704.5425;659.66725;726.517;949.758;1274;1282;1156;934
961;949;934;909;935;1067;1252;691.1275;769.45425;289.16375;228.35925;315.6805;296.7475;584.371;574.2885;514.8235;538.43;793.13425;894.316;996.7235;1245;1262;1062;770
790;781;741;698;701;706;832;227.08675;189.50775;3.81025;-89.344;-71.879;-155.81675;-635.0605;-779.54775;-850.0125;-846.989;-513.971;-300.6455;-163.4405;338;392;361;205
185;175;166;159;153;150;204;40.82275;-82.85075;-489.69675;-658.7945;-471.477;-191.51975;-460.25;-694.2785;-709.44025;-677.7975;-641.3085;-531.734;-164.218;339;343;404;784
838;890;883;868;949;1061;1101;990.44575;957.2375;751.52425;392.11425;456.21725;648.75775;193.703;273.818;146.5125;117.63475;500.4855;498.2825;777.87075;1210;1272;1193;913
936;916;891;844;862;1010;1183;845.77425;526.39975;348.98975;221.73675;221.92675;210.2815;254.85725;124.217;92.828;210.19;169.95975;479.78025;722.46225;1154;1169;1079;912
939;908;908;840;918;1043;1171;729.77375;571.22675;469.3505;390.5785;222.599;150.12025;209.25425;74.131;135.62;417.05375;510.538;690.63575;708.04825;1146;1151;1042;874
892;865;879;840;883;999;1187;665.571;425.02475;185.694;104.96175;141.323;142.23725;259.29;149.93325;60.1365;186.689;402.139;602.9075;627.647;1160;1157;1097;922
892;877;875;846;880;979;1112;685.5175;732.19275;658.993;449.68275;444.82575;389.9915;337.42075;311.227;311.242;91.6925;317.145;599.6505;759.37675;1160;1183;948;642
631;650;672;659;658;679;766;366.285;291.1585;216.10175;69.63225;236.1625;30.986;-321.59575;-480.83275;-586.55325;-358.2525;-202.608;-31.17425;307.5105;539;576;427;208
208;182;167;156;154;152;186;-373.16125;-524.61525;-905.89875;-874.6555;-736.74075;-713.944;-761.545;-760.66825;-601.8275;-555.7515;-312.164;-114.37375;16.53225;433;459;502;795
852;862;847;842;903;1017;1055;882.5555;979.7935;402.99325;363.50675;378.44225;683.1745;506.20225;743.62025;598.76775;732.1505;606.522;656.49775;928.31325;1089;1112;1076;870
895;864;886;839;874;963;1099.95375;677.85025;863.294;983.18525;890.18025;622.85725;981.9705;788.7715;714.91425;350.44775;374.5445;602.442;540.34225;1038.782;1157;1205;1086;935
930;873;883;855;888;1006;1074.23475;868.66275;872.776;511.0185;516.1825;404.9715;502.615;384.77075;389.718;67.553;540.15125;489.85575;580.65625;854.831;1127;1177;1123;975
1004;889;885;867;909;1061;1256.5965;901.43025;751.14025;453.2615;566.56775;514.792;616.63075;642.7485;733.70625;701.20875;569.9105;480.58225;659.6555;752.54675;1160;1205;1088;909
913;914;893;843;880;1015;1083.96125;789.57825;783.71775;367.0215;176.1685;343.96925;265.47675;387.04425;220.37975;198.27125;349.986;49.61025;189.9855;564.68025;1137;1174;1024;752
621;574;525;501;474;492;655.88375;317.88075;522.0365;-37.64875;-67.71225;39.93525;15.55175;-312.20425;-343.32725;-514.6875;-401.239;-311.534;70.818;302.65175;533;527;435;199
179;175;170;169;169;168;190.39125;-127.33975;36.49975;-542.85925;-636.82725;-374.2275;-255.131;-360.656;-480.208;-545.57975;-421.73725;-262.805;-55.96425;127.9435;513;540;569;767
811;826;817;764;874;990;1001.9365;1040.97975;1015.0305;842.72825;768.94075;911.88975;879.5405;1037.73125;931.8825;714.13925;776.85;876.3455;1033.16525;1071.8535;1287;1325;1183;880
894;900;899;845;901;1050;1075.69275;1050.60775;808.76475;794.97075;387.193;576.093;789.742;857.35175;680.7815;759.75225;662.15125;970.2725;817.17975;823.26575;1350;1395;1239;896
914;934;904;895;908;1001;1073.17975;817.865;716.52425;548.5395;392.517;485.13725;402.6815;349.4945;364.54375;561.7695;365.9535;318.21575;333.533;589.0955;1324;1373;1257;933
976;910;958;949;975;1131;1118.22275;511.71775;306.8735;258.04725;205.263;142.25175;240.02825;330.871;238.986;158.31075;307.89775;254.7645;306.407;469.31525;1144;1217;1144;872
859;901;904;861;940;1055;915.556;852.68325;835.48025;477.91725;532.939;320.7985;356.0465;473.18025;474.9845;657.07475;802.56025;810.72725;763.1635;938.233;1286;1336;1013;569
633;653;644;593;570;564;468.7605;21.1545;-194.20375;-345.8345;-433.93875;-382.49375;-279.5885;-516.876;-658.321;-808.13875;-765.88375;-559.554;-367.055;-124.0155;499;491;455;229
215;206;200;190;187;187;66.779;-405.83925;-548.732;-677.11225;-859.7035;-687.107;-449.7955;-403.223;-364.3335;-337.66025;-82.652;-53.10975;-42.8815;181.664;487;491;560;824
932;965;1005;937;1089;1159;1036.6405;949.833;827.4145;570.49225;431.85175;392.342;483.566;493.81;378.25675;666.60075;354.86775;398.76125;518.56125;898.32125;1294;1370;1160;1019
1028;1034;1058;997;1053;1104;1018.66425;841.1405;650.0625;536.5495;530.84575;572.073;492.967;483.70125;616.45125;619.62575;517.8025;377.79175;395.51725;626.1415;1274;1364;1140;1060
1062;1014;995;903;1013;1070;961.4845;772.42975;706.1715;854.18075;813.7985;497.284;581.25825;469.417;335.3055;542.91675;698.2405;736.25;920.1155;1048.73975;1323;1317;1203;1057
1048;1049;1007;970;1026;1128;1137.6885;891.22925;693.93825;392.10775;330.53025;397.79875;242.103;320.2955;304.872;427.51225;493.906;521.207;534.465;992.9545;1341;1393;1199;1081
1018;1027;1001;911;998;1084;920.29775;978.465;730.673;711.24475;492.27;423.8665;444.58675;494.3775;522.5775;426.7085;415.2715;741.33825;810.5435;1029.98175;1389;1412;1107;544
463;511;509;505;455;434;200.35725;305.766;-11.2625;-150.93025;-47.54375;190.607;181.43225;-207.7135;-326.365;-238.48075;-323.776;-148.33975;-233.14225;23.94425;524;549;466;223
202;194;185;184;176;158;-16.13875;-140.8715;-187.411;-388.57575;-521.93875;-368.9275;-436.28875;-661.32;-605.52625;-436.209;-286.5515;-211.283;-200.58725;-266.20325;410;427;516;798
867;847;810;805;850;964;759.578;495.39625;340.095;318.81175;237.72575;425.4745;538.17775;427.55725;337.29175;557.1525;414.9205;568.138;855.3875;999.57675;1430.87675;1416;1287;950
1001;919;910;885;927;1040;731.05325;563.802;451.0935;340.31125;203.431;320.12125;529.5065;694.90675;655.8205;790.288;983.742;990.17275;1000.0335;1004.8795;1348.7725;1384;1252;907
945;915;917;869;908;993;794.66125;454.881;374.9935;258.12975;288.939;424.89125;497.9785;482.3465;559.61825;705.69775;471.402;793.50125;996.39475;1051.95075;1293.59025;1390;1272;967
975;961;947;880;934;999;1007.02475;635.04375;765.28675;629.63075;551.47675;490.325;785.2925;780.14325;553.114;743.937;1058.091;898.2315;1180.223;997.68075;1292.28175;1295;1134;972
966;953;1004;918;911;946;763.79825;540.81525;460.47425;399.59325;286.96;388.66075;565.32375;586.75675;535.71025;627.2135;541.13225;748.24525;1053.55125;1170.22025;1325.75775;1368;1034;534
601;613;588;577;555;565;755.6375;970.11275;1009.9965;736.926;368.559;518.838;495.14825;-254.424;-96.4205;-254.34125;-506.3185;-389.06375;-335.238;38.7235;565.1625;616;559;254
229;220;207;167;166;158;-65.05275;-314.6875;-622.4675;-762.139;-731.8745;-639.54875;-498.69425;-395.3395;-410.13675;-420.98875;-287.04;-423.24225;-133.89225;-101.01625;496.9045;517;593;845
952;954;949;920;998;1096;839.14175;683.14;670.0295;257.933;153.51975;261.589;427.78725;470.82575;520.88825;495.429;432.456;446.184;572.6815;962.38575;1335.183;1364;1292;1137
1124;1089;1061;1019;1082;1145;947.1195;899.25675;817.76975;649.87125;589.74775;632.842;849.86575;880.558;764.76375;796.006;744.01775;904.1835;1089.196;1085.6405;1480.116;1503;1299;1061
1087;1111;1095;995;1088;1181;908.98375;597.0805;529.566;493.542;402.416;604.85025;832.62425;915.495;939.4685;745.56075;866.89275;1060.50975;957.8105;1040.546;1454.9915;1593;1409;1112
1062;1033;1035;971;1046;1125;970.8955;833.397;785.3205;745.103;640.54575;587.28525;694.44425;743.5315;687.59;347.69775;454.881;553.8005;637.69425;920.927;1293.76375;1351;1307;1169
1130;1066;1090;1038;1087;1110;950.69125;642.91925;592.6115;540.0315;633.5345;664.2985;785.2815;619.5075;697.878;789.51275;933.40275;676.41225;784.85275;1020.8615;1288.7865;1426;1174;720
648;578;586;559;576;583;271.989;-26.292;80.997;-92.89375;58.58475;100.344;244.7395;83.144;-52.81825;-292.214;-504.686;-20.79525;108.6855;47.2495;514.40725;612;498;240
214;207;202;197;192;190;-2.171;-372.0685;-257.35075;-644.32025;-778.31075;-418.786;-46.16275;-152.681;-380.078;-578.948;-501.6475;-398.00975;-352.1875;133.96675;485.82475;625;658;821
915;924;909;876;907;1025;908.20225;1034.221;957.3695;865.26675;861.08475;822.12425;703.386;797.293;764.72075;570.362;572.414;535.4085;808.85775;796.74975;1417.5305;1585;1368;1000
1021;1016;978;941;961;1072;769.33275;597.31575;503.21375;306.4375;316.27875;492.58725;597.387;671.63775;628.75625;783.50375;866.22825;819.75;836.45925;1038.322;1442.13725;1556;1417;1019
995;999;1021;935;968;1057;880.306;597.66225;440.47375;441.6295;340.9225;407.13425;480.31075;651.95275;606.33875;507.14925;544.3655;719.56525;939.25425;1046.7455;1380.1475;1552;1434;1163
1116;1034;1028;974;927;1048;850.2045;734.7035;643.4355;531.14175;503.13875;439.574;460.759;489.50575;418.9185;431.5625;288.74075;411.5025;725.08875;951.97625;1226.12225;1376;1260;949
928;922;898;868;897;992;680.2415;580.24325;442.89475;214.608;272.1545;312.626;314.73175;260.24825;374.682;377.606;127.41525;282.169;467.92675;658.2725;1292.96125;1405;976;435
390;390;379;340;351;396;241.18725;90.211;67.71625;-299.50525;-345.13425;-337.27525;-264.93975;-452.82125;-583.26525;-676.4465;-624.17925;-139.36225;-57.23;98.70225;363.952;530;442;259
254;254;242;231;236;231;8.96225;-84.282;-629.09125;-786.25625;-661.242;-465.9105;-476.734;-559.5225;-578.9715;-257.74275;-90.47075;-105.21875;-147.7445;-179.7505;398.03025;557;590;905
969;997;994;965;977;1085;809.5455;656.251;555.15475;454.71225;495.2445;504.73225;579.40125;560.2135;417.373;347.5565;348.988;652.2365;630.99175;694.36175;1285.298;1497;1299;1052
1031;1047;1045;1041;1047;1136;852.22775;611.7025;439.51875;371.48975;323.32925;336.603;425.0965;438.317;408.67925;408.685;362.83725;508.564;874.5985;977.60175;1303.34725;1523;1360;1079
1040;1062;1058;994;977;1049;736.60175;570.6305;465.20425;316.8595;400.244;330.74175;439.89125;484.4605;417.78;389.65575;340.36425;437.2295;413.5895;543.7155;1191.46025;1368;1316;1069
1060;1042;1048;1015;1033;1158;947.32275;733.8765;560.49425;366.432;494.27925;499.54175;420.55775;502.4665;428.093;358.921;519.0365;652.1755;599.16525;942.4045;1300.168;1462;1306;1098
1083;1082;1080;1021;1101;1095;853.67675;644.6435;599.70225;333.7625;474.13825;477.902;507.989;563.8625;999.67825;663.23;942.011;943.58375;1002.3725;919.75875;1282.46775;1367;1071;743
730;755;720;687;704;788;853.355;561.721;447.86075;153.6175;124.2725;262.06;221.51175;-284.54425;-442.1125;-141.77575;-281.7445;-249.44025;-31.923;62.58225;455.68625;595;487;368
329;311;342;332;323;325;181.287;-315.0365;-544.74675;-699.569;-686.3975;-405.922;-105.665;-334.79525;19.1095;-41.5255;37.222;23.135;52.23425;123.7045;339.22825;517;545;916
1022;1002;1012;985;995;1011;861.97675;675.9295;428.4505;295.15375;388.984;369.54575;424.93525;541.682;705.229;863.257;786.93025;600.3695;759.3015;926.54925;1255.413;1480;1357;1112
1056;1057;1072;992;1027;1037;747.016;494.26675;485.1505;260.9945;262.514;426.76475;461.406;844.11525;637.451;738.02625;731.19225;753.80475;638.33175;811.0375;1245.008;1456;1352;1112
1071;1086;1045;921;946;1026;797.51425;513.28625;359.187;280.08325;208.04175;396.298;535.8115;504.1805;445.3255;419.3515;378.80625;581.716;626.16375;1005.116;1336.6455;1515;1429;1222
1204;1188;1211;1131;1158;1149;898.4325;624.0955;476.78325;274.784;237.77825;357.02875;530.269;517.40975;592.87825;361.24475;558.822;744.73475;620.8225;838.783;1256.6165;1412;1364;1276
1213;1156;1151;1118;1147;1159;906.598;754.88;550.5115;394.5775;403.982;369.60925;517.844;572.00375;487.871;465.177;602.39125;666.54275;706.8045;712.909;1219.26275;1496;1182;661
697;692;673;663;679;644;529.875;218.23025;80.24425;9.3835;4.5875;-101.959;-157.09975;-448.0755;-528.5935;-616.65825;-577.67075;-375.13225;-445.31725;-6.2495;361.55675;670;552;341
440;407;412;432;384;322;107.48925;-512.6095;-438.98025;-801.456;-819.41125;-603.26825;-515.47;-460.715;-554.79275;-603.3825;-442.68975;-506.338;-382.341;-95.0085;500.05775;683;633;851
965;1016;1015;979;991;1060;850.75875;613.11475;523.1025;423.57925;425.8655;515.1915;617.62825;751.42475;640.77725;469.3655;430.05425;485.86125;602.043;733.3075;1318.27425;1519;1364;1177
1180;1106;1013;954;982;1083;935.846;815.68725;791.33525;733.51025;785.6905;794.7285;863.73275;861.37325;788.85175;608.772;531.974;531.233;615.303;747.0505;1154.50975;1375;1222;1029
1003;1007;1001;971;996;1049;956.15275;764.29;639.583;496.11;441.36275;542.36475;578.93025;658.029;758.21225;650.322;651.49375;516.139;983.00825;1026.81875;1211.54125;1343;1186;1047
947;952;925;861;913;975;864.159;700.16725;615.7395;310.595;245.49275;310.221;714.56925;562.56375;478.674;626.175;781.02325;733.63575;722.5975;1109.703;1409.454;1496;1257;1087
1047;1053;1036;968;998;1087;952.31875;766.33825;566.04975;625.4205;594.05175;552.535;406.5255;621.0925;675.0045;462.15625;780.88275;880.38625;756.9275;1024.7785;1320.76;1493;1232;943
815;820;866;791;794;805;887.37775;332.94925;76.90225;-67.522;19.4055;243.64;191.50275;-134.09;-255.25975;-428.94025;-590.4625;-531.245;-478.1235;-60.20175;408.17825;525;440;327
312;308;298;303;324;322;117.794;-412.04175;-506.46125;-783.2505;-785.621;-595.239;-515.3705;-553.33175;-466.76925;-640.66675;-627.691;-553.92725;-251.203;-72.09075;391.7885;548;665;1046
1110;1115;1112;1056;1101;1096;955.8105;576.58725;463.99875;474.35475;414.52875;400.0135;496.4755;496.98325;454.63125;415.88975;386.21275;440.76725;505.9845;690.32125;1219.78175;1399;1344;1062
1110;1104;1102;1050;1039;1060;1034.05925;760.73875;576.5245;504.393;549.499;589.435;725.372;543.37275;500.838;498.967;738.61625;799.50175;865.7015;1197.00725;1306.1675;1425;1316;1160
1198;1136;1091;1047;1106;1122;1029.748;744.114;676.94575;684.055;397.46075;454.37075;464.52825;460.7445;345.60125;478.27275;418.60225;322.59125;366.817;648.33825;1210.985;1382;1288;1140
1106;1126;1135;1027;1132;1083;936.5235;619.75375;392.57;156.7875;114.0345;190.8855;214.04725;276.64825;157.73225;152.7825;37.10775;171.34425;267.7115;497.80075;1055.6015;1205;1191;1094
1081;1048;1055;999;1051;1079;993.35925;576.56375;451.4415;376.46725;205.28075;230.717;340.894;408.951;323.832;226.96225;230.66575;225.2525;558.372;757.48325;1139.83925;1260;1065;753
732;733;713;715;698;666;535.51575;182.50375;-232.35375;-445.059;-474.26;-351.754;-151.81575;-276.9725;-423.473;-370.379;-358.392;-375.015;-324.56275;-200.989;489.72225;558;465;288
261;258;255;243;330;363;266.33775;-429.91725;-666.24325;-850.05675;-959.08675;-743.1155;-579.75375;-512.083;-645.53425;-478.693;-568.182;-536.426;-313.3225;-30.9795;441.947;525;509;831
979;971;970;927;974;1034;902.20575;606.98675;449.2315;394.5875;320.8525;503.8815;650.1235;704.82275;730.1325;715.4545;457.0765;496.36775;493.52975;624.294;1187.524;1330;1271;1062
1056;970;974;908;934;1028;1078.69675;747.36275;695.893;580.576;529.201;504.95575;576.2495;567.44225;579.816;540.4865;375.71425;346.728;711.81325;736.89575;1358.7185;1488;1271;1023
988;912;927;849;912;1044;1057.753;751.90375;576.7455;382.5825;340.261;474.2995;547.0385;633.53575;646.593;756.68475;866.29875;1066.34775;811.43175;986.53075;1403.545;1469;1361;1142
1106;1031;965;955;978;1008;1061.0005;707.7965;935.40275;879.68175;431.25625;501.879;567.84225;637.035;751.4855;686.1855;722.04175;762.772;616.99025;1015.803;1417.1885;1513;1366;1003
981;934;927;924;904;1008;1047.618;765.23875;806.1715;601.149;296.9775;377.734;663.67225;769.54;670.746;539.756;541.3925;661.10425;665.73425;853.0005;1285.4805;1426;1169;777
770;691;736;653;631;687;774.05425;368.722;93.71325;-30.29225;-183.11025;-172.573;-131.73475;-373.72425;-394.697;-530.634;-555.13875;-290.2845;-287.43825;-100.996;471.0165;479;448;340
380;457;479;443;432;417;530;298.1005;-251.70375;-457.578;-544.6975;-441.8035;-405.4375;-460.724;-330.76775;-395.03425;-361.97625;-329.72275;-343.1645;63.22975;508.457;529;559;710
900;936;946;891;918;962;991;716.7405;660.74975;489.0115;332.09325;467.33125;389.9945;463.407;388.16575;667.1155;733.8605;644.457;754.683;887.61925;1414.387;1479;1283;1011
978;982;1026;939;958;1086;1119;904.52775;641.63275;434.94375;289.73675;522.21;525.4895;648.54175;481.14175;533.2735;413.82075;513.05775;630.41625;864.38825;1453.86525;1521;1378;1048
1033;978;984;919;915;1017;1067;726.36875;473.03475;335.47325;245.636;317.3635;416.54725;519.38475;458.62275;361.18725;650.05375;448.742;519.65425;835.58275;1477;1427;1334;1032
995;948;924;857;872;1016;1076;709.57325;420.47575;283.54725;218.93775;346.67825;703.735;511.9425;533.6735;570.648;821.2785;754.651;788.493;1155.611;1442;1451;1360;1069
984;963;937;861;926;1030;1084;595.6255;454.87275;334.464;221.19075;310.34375;432.5185;441.82425;503.65225;390.0035;277.797;734.48;618.93675;864.5555;1375;1384;1161;796
701;627;675;665;668;662;810;463.16675;145.075;65.25275;168.70425;188.42125;-21.48;-376.8375;-570.562;-383.91825;-352.073;-302.69975;-369.12;-122.713;486;529;469;317
403;410;399;410;393;392;520;155.17275;-189.22;-210.1155;-429.841;-403.125;-392.91725;-543.34;-614.57525;-692.544;-630.61475;-612.86625;-242.71225;-125.77975;449;478;559;972
1073;1066;1069;1075;1091;1088;1067;552.77325;456.1585;425.172;470.47175;515.8035;585.2375;529.70975;571.5105;567.801;320.865;285.1095;385.17475;742.612;1374;1387;1291;1173
1130;1054;1069;1017;1047;1047;1041;590.178;248.024;118.1545;109.84675;174.26775;282.13825;327.216;235.57475;335.51;319.74225;372.80275;661.39775;860.677;1402;1446;1383;1286
1186;1150;1162;1150;1139;1157;1191;554.7255;297.246;145.8675;81.49425;83.29475;146.51775;233.0355;193.422;277.60775;381.065;415.98825;486.466;749.2915;1416;1445;1348;1258
1224;1183;1197;1160;1168;1151;1158;591.701;374.72125;153.407;91.11925;190.5925;291.45875;282.48575;297.3065;374.07625;442.69425;407.2235;667.26175;906.00375;1424;1466;1353;1173
1167;1115;1092;1048;1068;1093;1094;607.8495;407.10225;239.6435;244.873;293.682;424.29725;519.25625;429.02625;399.004;416.50825;487.63;693.4105;908.366;1515;1499;1340;1141
1132;1097;1096;1106;1117;1121;1028;603.996;193.406;199.18175;23.754;120.23875;297.11025;30.46475;12.2685;73.66425;163.08875;228.00825;287.56925;277.50475;748;744;632;389
351;337;339;328;330;317;333;174.6885;-186.6635;-392.11675;-616.237;-458.44075;-343.49275;-457.9515;-471.22125;-463.8715;-120.87825;-86.20075;280.018;344.47825;697;700;775;1068
1135;1147;1102;1121;1172;1195;1159;804.15875;626.67175;553.306;534.56875;510.737;544.795;717.6485;692.551;686.22325;835.375;917.205;941.65575;1143.508;1481;1491;1465;1359
1295;1314;1289;1232;1266;1281;1282;1107.35025;631.24775;412.59325;347.1875;387.0435;621.73225;821.0195;732.959;461.651;535.335;683.3365;776.81675;878.407;1464;1518;1497;1388
1368;1380;1406;1333;1399;1378;1362;1151.687;724.6315;606.0795;380.292;580.351;771.1895;873.77025;774.207;862.61775;913.142;797.2635;1136.20825;1056.4365;1506;1510;1414;1361
1362;1346;1416;1339;1361;1422;1392;957.24175;727.4245;637.01425;470.58725;638.95325;822.3355;1030.3575;912.28075;978.89275;1083.0865;936.5295;986.8025;1101.77675;1437;1474;1399;1378
1352;1314;1298;1238;1240;1247;1252;876.3555;626.90525;463.1555;374.903;377.09375;434.34225;476.8625;506.4655;644.496;752.27475;598.795;694.862;989.84025;1454;1533;1322;983
978;986;965;932;963;960;1049;530.0275;168.7965;-9.27875;-41.15025;34.46375;69.9;-93.04;-180.59875;-248.06375;-237.09825;-301.613;-131.75525;337.235;875;803;634;392
367;366;336;301;299;302;451;119.079;-76.21075;-401.12675;-366.70525;-129.3535;-130.386;-177.80375;-321.15875;-390.8945;-321.06325;-116.13425;-172.14525;378.0125;751;657;608;455
528;502;516;503;525;542;592;573.6445;72.929;-23.3015;-224.47275;-64.65625;-75.31875;-218.50225;-268.2825;-292.43425;-95.11375;-55.9095;40.40175;283.383;695;732;653;1052
1095;1122;1136;1067;1137;1134;1191;799.94475;431.53125;279.5145;191.481;231.74075;322.25375;381.02575;315.38825;295.405;371.05425;388.58725;594.9465;943.7125;1371;1435;1311;1214
1175;1152;1184;1123;1145;1157;1218;751.94;488.94125;300.31775;112.866;199.59475;333.68;320.25775;270.59025;248.85175;400.255;652.5865;581.73575;911.26025;1327;1345;1298;1173
1158;1154;1161;1109;1144;1158;1228;894.7405;753.99225;308.753;355.89225;523.7855;339.6085;356.54125;526.907;702.52025;665.803;910.1255;850.30075;1222.61625;1438;1410;1369;1242
1228;1180;1206;1156;1202;1211;1161;891.46425;716.2055;475.4725;488.19425;522.85675;644.07075;518.5525;398.554;319.885;411.83525;434.46375;602.67325;969.1235;1404;1406;1243;943
736;663;706;708;698;655;663;377.0315;59.484;-200.034;-274.033;-164.58175;-171.004;-478.32575;-508.42375;-274.95575;-257.71;-228.842;-88.41475;231.9705;600;613;585;386
450;453;456;451;445;408;353;-153.90475;-536.6435;-712.00275;-861.30175;-520.839;-470.219;-432.4995;-482.55;-541.6015;-469.22625;-402.1545;-127.971;414.53925;715;644;658;955
1008;1002;1000;991;1047;1042;1025;875.2735;657.0655;382.56;230.2985;347.198;446.94325;564.69825;605.643;561.27325;405.3685;378.83425;727.0075;1127.05525;1382;1413;1343;1175
1134;1116;1106;1052;1062;1102;1108;771.312;427.3995;201.5865;87.215;138.3435;158.2995;223.8795;187.91525;304.23275;256.87;320.15875;415.1335;941.18825;1276;1287;1270;1171
1187;1145;1176;1076;1117;1135;1120;1075.95525;565.31325;395.4005;430.69125;284.428;320.15925;455.19925;330.994;673.39525;547.12425;495.886;686.75625;979.892;1346;1400;1409;1174
1155;1184;1177;1120;1119;1140;1169;1084.12275;773.5325;540.965;484.62475;551.2715;731.846;781.3615;715.248;475.8645;662.40975;652.92675;817.7205;1105.84775;1401;1410;1270;1138
1136;1123;1149;1088;1086;1118;1145;994.714;740.24725;466.816;562.82025;618.277;633.26075;775.8565;674.752;879.583;680.4335;610.9375;892.069;1004.8295;1281;1258;1057;718
724;710;702;673;673;730;856;689.923;350.45325;13.8735;-49.78325;39.24725;55.60925;-280.28625;-155.7125;-170.99625;-239.0705;128.7385;145.22675;545.9505;678;730;592;383
392;396;387;385;373;347;305;-13.12;-582.5455;-714.6415;-826.368;-525.696;-499.889;-333.90475;-324.588;-268.4145;-207.047;64.799;161.79625;355.44825;592;591;664;920
1037;1062;1049;1022;1019;1035;1100;764.7295;650.38;83.935;182.4765;63.82425;-4.47925;349.77725;319.7815;387.825;459.54625;588.69175;760.97025;997.819;1313;1380;1275;1053
1065;1061;1066;999;1033;1064;1083;956.67625;678.127;449.91925;323.523;266.05975;235.70625;375.97775;381.7295;486.73475;531.75325;448.35925;686.6365;1153.00425;1346;1373;1314;1113
1081;1081;1061;1026;1054;1047;1080;994.57425;672.29175;295.237;244.2005;306.3945;256.35525;287.86575;334.94975;176.68725;376.50675;521.3215;514.5745;1132.751;1337;1361;1195;1046
1050;1054;1044;990;1032;1019;1028;929.44575;676.946;469.6825;257.3775;238.47775;315.86325;481.85775;477.36075;222.06075;288.32525;336.91975;177.0885;964.9615;1205;1290;1218;1113
1199;1099;1114;1096;1138;1135;1125;1047.0685;833.5875;528.39375;329.6885;143.09775;369.67475;140.23325;223.8615;184.196;260.26475;400.99875;860.50425;1198.10675;1332;1352;1007;717
731;713;741;743;727;748;902;595.89825;67.12525;-129.366;-242.2525;-169.14575;-124.23125;-335.92675;-404.64575;-462.69;-134.97125;-49.9665;-76.55775;726.27175;752;753;603;383
451;459;426;406;435;417;532;277.467;8.2705;-385.5315;-506.41675;-519.887;-227.031;-151.41825;-276.951;-405.65725;-486.9555;-400.12775;-112.43075;647.47175;734;693;703;970
1059;1072;1085;1066;1116;1156;1197;1159.9205;815.9585;407.48275;343.34925;357.81575;416.54375;418.8875;441.0415;346.82075;493.519;695.52475;935.19725;1463.262;1527;1528;1422;1216
1216;1191;1164;1092;1135;1178;1247;1206.30875;837.97175;558.39025;520.907;356.47025;436.88725;442.098;452.29125;499.28775;538.522;822.458;902.36125;1527.85675;1533;1538;1467;1241
1260;1238;1226;1172;1183;1195;1177;1162.8365;645.73675;584.33725;387.522;609.97975;556.39625;626.68325;531.17275;417.80975;509.88;652.0245;900.35525;1506.27025;1490;1494;1358;1170
1212;1173;1146;1062;1099;1148;1148;1080.4675;894.77475;690.23925;631.3085;703.398;785.65325;793.48825;790.72475;714.78175;936.80525;1197.64075;1186.22675;1557;1519;1540;1433;1166
1185;1183;1169;1100;1085;1179;1138;1302.91275;1136.03325;904.2465;762.72125;1107.93375;782.06225;596.15375;578.9885;305.28175;509.17125;524.583;807.1655;1532;1523;1489;1280;977
990;947;942;931;953;973;1107;957;427.63775;128.89875;218.64175;297.5455;737.83575;308.09325;458.00875;187.14025;210.8165;156.4135;252.96075;950;827;856;616;406
400;399;384;363;369;366;352;182.81775;-244.778;-302.92175;-669.87275;-213.5625;-475.83125;-416.48275;-349.66225;-462.31275;-316.60275;-165.411;136.9035;857;753;748;807;1012
1052;1048;1091;1013;1100;1180;1235;1273.2365;940.5115;910.773;886.89275;794.47625;551.448;725.12375;568.2315;519.364;738.7925;559.0965;844.7285;1453;1432;1475;1353;1126
1176;1181;1156;1071;1109;1134;1148;1141.653;788.72175;396.53325;325.392;528.4285;454.18;376.9955;247.057;282.24175;163.8675;512.58925;884.45525;1222;1233;1274;1199;1145
1150;1158;1160;1055;1062;1077;1166;1305.1815;1071.9065;808.5115;600.374;738.17625;699.23375;961.964;1064.99675;1072.48025;824.87625;1021.995;1156.7975;1522;1549;1533;1410;1215
1259;1226;1218;1107;1169;1197;1212;1285.442;978.192;591.21075;431.721;354.0065;359.9725;522.559;587.24775;966.62475;959.286;573.71275;761.75875;1392;1380;1473;1369;1142
1155;1129;1115;1075;1107;1116;1166;1215.68475;664.319;421.2355;403.272;361.138;430.16825;359.7105;368.8285;445.4265;646.051;1143.45475;1091.016;1438;1471;1455;1293;970
978;974;914;829;840;901;1045;1129.801;966.0915;761.03225;710.92275;489.16025;196.032;-125.14825;-276.86025;-25.89225;-360.463;-51.596;376.6115;635;629;680;523;318
326;325;315;317;305;346;593;723.157;220.76925;-49.644;-2.27675;-14.26525;-101.94025;-239.29775;-305.99725;-404.317;-172.4025;-154.2795;154.4285;725;645;583;653;1056
1142;1136;1175;1152;1216;1198;1203;1266.59925;607.206;448.14275;402.81875;474.53025;401.24825;734.07375;681.28175;706.7365;596.4355;1138.9535;1172.40325;1415;1411;1401;1384;1326
1273;1230;1206;1168;1221;1197;1184;1310.27825;926.7675;595.9035;291.16475;441.528;713.46775;584.87475;647.54625;721.5875;745.4325;691.3275;1043.9645;1436;1456;1433;1332;1306
1268;1259;1255;1173;1216;1195;1190;1344.814;1193.1415;961.437;1031.00775;691.52;744.59575;764.032;626.5065;444.00325;404.1135;605.389;1041.9685;1421;1408;1460;1399;1241
1295;1218;1211;1157;1198;1239;1235;1332.50125;564.474;328.0075;160.54375;113.65875;150.403;266.589;281.12975;502.51625;569.6855;582.686;1111.57625;1508;1360;1345;1382;1212
1242;1205;1214;1145;1179;1190;1190;1255.211;682.56675;295.812;311.4035;471.5245;443.5365;518.89625;471.3775;423.2165;529.79875;914.17025;1278.83575;1504;1485;1525;1244;898
855;842;877;854;934;924;1032;1153;741.97;484.13875;247.313;246.723;261.63025;-351.7145;-445.688;-289.7395;-117.2;249.364;514.16025;779;703;656;525;386
435;460;465;461;481;457;608;797;484.17625;-95.0865;-159.76525;-159.94425;-103.14275;-559.993;-468.87925;-449.951;-519.91625;-107.6045;240.88675;658;613;633;622;983
1161;1166;1150;1118;1191;1181;1165;1392;908.923;546.3205;402.44975;285.2605;595.5215;455.28425;409.8525;496.5445;693.5025;645.30975;1085.184;1396;1429;1515;1345;1263
1252;1220;1233;1134;1192;1170;1180;1400;602.41025;335.64375;218.8995;241.787;313.69425;373.5925;270.32275;244.01425;397.6045;776.575;1227.34125;1475;1461;1490;1465;1298
1290;1236;1223;1184;1220;1213;1214;1404;715.955;427.27625;267.94425;322.5285;432.273;401.428;286.3525;330.7515;455.5925;608.47125;1155.55825;1448;1459;1520;1504;1292
1282;1205;1205;1166;1221;1198;1201;1499;1084.8835;691.14625;541.125;611.8125;587.263;564.48725;499.04025;851.4355;604.774;671.69;1104.993;1483;1418;1548;1441;1299
1295;1241;1241;1196;1190;1167;1186;1428;973.81675;885.3285;328.376;402.12325;434.15575;507.29175;472.91875;570.98925;655.59225;799.28275;1131.44375;1400;1392;1446;1225;945
920;891;863;826;836;871;939;1157;469.4315;231.7375;22.7415;268.97325;95.43025;-308.478;-379.175;-228.932;-424.0125;-241.46225;438.02575;726;676;656;527;327
336;323;327;300;328;316;449;629;-39.0145;-427.19275;-359.27;-115.61575;-164.685;-445.10375;-422.39;-432.274;-610.72425;-388.69275;193.18375;536;521;534;690;1092
1200;1210;1203;1157;1197;1180;1187;1364;735.34225;585.39975;239.21025;162.114;273.5775;302.1285;253.95475;222.99925;345.1095;586.601;1249.179;1383;1382;1429;1404;1320
1305;1184;1175;1152;1168;1124;1106;1285;650.2775;508.7575;515.44;496.31725;268.71025;261.117;391.02425;370.47725;635.1315;550.32975;1215.72825;1416;1461;1450;1379;1277
1268;1197;1208;1143;1186;1214;1200;1457;765.07125;449.88925;243.32625;253.10525;274.77925;507.942;265.99275;354.01725;442.515;635.57175;1222.486;1411;1376;1459;1427;1306
1335;1284;1256;1162;1195;1194;1207;1402;1027.2295;675.43225;602.158;495.44875;552.5115;472.75175;344.1415;406.955;639.64525;729.03325;1296.09575;1404;1375;1400;1384;1309
1258;1176;1254;1185;1227;1246;1259;1432;1066.98;792.35525;594.41575;476.219;562.68725;420.0365;552.19625;514.688;508.2125;674.67625;1375.972;1421;1405;1534;1304;873
887;886;908;836;877;925;1071;1324;638.9525;329.30525;210.3395;191.3235;88.05375;-274.464;-266.96625;-343.4325;-261.75825;38.081;606.67875;739;723;718;556;417
392;386;363;340;346;331;349;499;41.081;-261.43925;-265.45225;-184.833;-192.871;-244.153;-419.819;-357.054;-502.093;-162.381;520.3295;673;609;695;790;1052
1164;1152;1155;1116;1150;1153;1162;1436;963.5635;549.4975;337.76875;314.14625;566.8195;647.33675;481.382;581.94125;573.069;642.891;1464.3505;1368;1344;1421;1180;670
638;583;598;595;611;618;644;661;203.09;-304.47575;-535.96875;-189.418;-276.63025;-133.5505;-468.438;-362.6755;-305.75;-41.93175;606.31275;612;590;626;604;904
1111;1104;1134;1091;1107;1115;1213;1510;1088.20125;710.957;660.87;480.46875;609.26375;549.968;333.931;423.6735;459.6495;799.9135;1462.0875;1430;1465;1506;1489;1325
1301;1237;1255;1211;1259;1247;1330;1587;1398.904;1042.7875;1073.30125;797.18525;571.24275;716.984;892.5385;663.49;869.852;1065.56675;1548.41775;1424;1433;1489;1412;1306
1312;1277;1257;1199;1223;1251;1224;1412;713.401;632.68625;129.86775;59.685;28.29825;101.1785;37.998;312.42925;359.36025;530.65075;1454;1427;1433;1435;1201;764
736;752;793;777;750;698;779;1030;505.594;37.429;-73.7255;114.2935;-73.63175;-483.47175;-575.9445;-543.06925;-426.58;-85.263;699;735;678;694;551;372
351;347;327;308;328;325;577;787;285.72475;-191.0765;-181.36925;-11.018;16.68425;-326.2665;-474.23225;-197.48075;-78.23025;-141.2395;728;737;703;707;675;1003
1124;1164;1210;1145;1185;1224;1283;1487;1323.26475;1005.5525;965.549;429.809;485.2795;809.76725;735.41175;588.12325;1068.76975;1174.028;1406;1370;1367;1449;1364;1256
1233;1213;1190;1122;1169;1122;1220;1394;1183.42825;884.86875;800.8275;449.82225;566.70625;692.834;773.39675;851.263;977.826;1015.34175;1499;1430;1370;1439;1291;1151
1147;1136;1147;1127;1149;1158;1208;1442;1053.778;865.0305;900.77175;820.3885;690.94375;717.76575;560.9375;633.4605;622.8335;961.0875;1512;1446;1427;1459;1444;1373
1320;1237;1232;1173;1254;1226;1292;1460;1221.40825;1008.964;838.75125;583.5095;568.98;826.626;916.66;666.451;803.7435;965.515;1493;1433;1473;1489;1440;1289
1302;1263;1256;1209;1216;1265;1334;1514;1073.08725;823.635;578.2085;669.378;740.34225;721.572;528.77275;714.0035;855.2715;827.787;1512;1459;1373;1447;1192;765
802;829;845;796;733;761;1030;1237;910.18775;672.06925;309.8975;488.2835;183.00525;79.36425;272.7675;166.94175;-0.27875;191.89575;723;741;670;730;548;377
356;381;403;376;381;389;461;684;297.549;-159.759;-288.37525;-253.26825;-301.1745;-248.88525;-293.51175;-471.29125;-344.49925;53.5585;713;736;700;733;641;907
1038;1083;1052;983;1035;1055;1172;1493;1061.069;373.499;141.05325;165.09325;195.029;178.51975;238.601;313.28125;535.276;854.58275;1433;1368;1383;1456;1332;1140
1192;1147;1132;1037;1130;1153;1357;1542;1148.27;871.9955;459.41;315.35675;509.082;514.059;496.624;557.187;934.12525;1041.01925;1465;1433;1405;1403;1354;1134
1127;1130;1122;1052;1117;1214;1329;1546;1252.2125;765.21475;555.6175;305.80275;537.6355;234.5675;608.7215;524.6355;745.4465;942.69525;1438;1434;1408;1417;1272;1149
1195;1121;1111;1097;1122;1194;1281;1500;1328.25825;1289.663;1215.52175;701.8335;503.392;693.795;771.158;449.9195;803.155;943.7005;1475;1479;1423;1521;1359;1146
1160;1130;1120;1057;1081;1093;1235;1442;1250.27325;959.551;870.41275;747.80025;565.104;553.511;551.6275;560.0345;613.75125;850.792;1411;1336;1345;1341;1231;927
863;872;864;835;879;931;909;1121;838.35925;516.5915;330.60325;416.67;181.8435;-109.93075;-123.3245;58.51925;29.056;396.42625;785;812;742;791;593;467
510;510;975;486;446;414;359;511;258.2105;-70.64375;-105.31725;262.67625;279.7825;-7.42375;182.50575;60.8285;238.24725;407.8535;848;844;804;837;603;381
396;389;375;373;374;374;496;396;-6.6185;-495.79825;-424.666;-392.12475;-373.58725;-461.48975;-264.34375;-330.541;-132.0555;481.85325;756;788;737;749;709;1030
1195;1184;1169;1129;1197;1293;1361;1455;1493.576;1030.88525;652.60925;712.82225;457.1855;625.3725;303.78025;397.773;749.7485;1158.85225;1515;1478;1427;1464;1420;1267
1189;1143;1180;1109;1114;1220;1343;1541;1368.09825;858.884;474.82975;334.71975;304.85175;138.17325;72.423;374.908;529.586;976.90025;1423;1475;1402;1440;1362;1212
1188;1183;1164;1089;1154;1287;1365;1567;1565.329;1023.555;810.41525;1011.246;828.403;799.16775;935.47125;841.61525;963.94175;1085.39825;1455;1378;1349;1433;1295;1211
1238;1199;1209;1149;1140;1212;1371;1522;1416.5555;1068.49075;961.4185;732.662;949.20225;787.61825;671.9805;849.6565;992.53575;1155.8635;1474;1363;1408;1415;1175;803
831;798;783;718;727;782;753;762;660.7005;553.366;227.806;465.492;248.11725;310.5605;-63.39525;40.3925;276.5835;486.692;912;899;835;850;642;355
381;404;389;382;409;354;304;539;522.635;314.50175;241.3885;467.164;505.9075;297.64925;21.277;80.83525;115.3335;501.98275;836;845;835;890;869;972
1068;1153;1267;1133;1211;1296;1396;1561;1617.0165;1243.81925;1367.038;760.89;996.71475;574.54125;712.98325;1159.487;1355.76;1227.79875;1458;1410;1393;1441;1386;1261
1273;1250;1237;1196;1238;1312;1511;1635;1617.342;627.258;742.3405;411.83025;237.0015;383.04975;652.40325;609.792;433.39325;1086.982;1532;1476;1417;1470;1358;1237
1255;1224;1227;1173;1235;1276;1439;1652;1660.64325;1244.393;1287.58575;648.3395;769.57075;892.436;781.7405;880.4235;736.51375;1296.4495;1462;1427;1393;1538;1388;1285
1302;1224;1204;1155;1187;1239;1412;1545;1608.18475;1257.59375;779.8995;796.15775;613.3425;483.9085;502.04925;730.18375;828.76375;1120.11275;1450;1413;1401;1506;1336;1181
1138;1106;1115;1030;1066;1129;1255;1380;1406.37375;850.2395;446.69225;411.30025;143.68725;108.183;258.1845;533.552;912.861;1239.96875;1499;1485;1387;1453;1151;784
811;786;839;820;820;754;640;730;737.673;524.733;270.87475;372.95325;160.076;4.14225;-143.871;-111.7585;24.6475;557.124;926;914;838;897;675;395
372;396;405;368;401;374;369;469;523.0195;-8.97825;-141.1745;-80.228;-221.8765;-382.023;-121.76725;56.08975;172.6005;380.873;905;868;807;802;727;888
991;1008;1024;963;1002;1006;1153;1543;1721;1057.09825;942.61775;627.44775;767.0415;658.7345;956.932;854.88725;1126.07875;1244.358;1444;1467;1442;1460;1301;1068
1073;995;1016;890;933;1000;1137;1552;1621;737.3995;705.33275;533.864;408.8995;563.1755;566.08225;604.00875;788.86875;1141.49;1417;1416;1387;1429;1364;1009
1019;1025;993;986;1041;1233;1390;1607;1699;1250.5765;920.5915;683.45475;618.0365;761.5755;738.3265;761.84175;989.0035;1263.78425;1606;1471;1434;1452;1269;1001
994;1013;1047;996;1074;1160;1408;1637;1707;1034.049;929.473;605.57375;635.13275;596.04425;628.89325;911.293;955.1055;1261.7335;1470;1420;1446;1515;1331;1078
1087;1057;1065;979;1042;1171;1393;1595;1778;1006.8185;714.3675;534.824;525.66825;498.36725;397.0295;392.768;531.5995;1170.93925;1447;1454;1445;1447;1102;539
556;568;565;550;530;526;472;501;488;-144.93;-331.387;38.08125;90.0925;-251.82725;-57.5655;-119.678;63.042;645.2925;924;886;866;816;620;367
401;391;363;339;313;318;324;370;340;-163.68375;-357.5375;-70.79675;-161.649;-22.4265;-19.41825;-85.5905;179.042;594.70575;893;840;805;817;798;979
1146;1151;1162;1137;1130;1185;1360;1605;1715;1199.39;806.01675;516.51925;560.86975;679.51025;765.19775;817.15725;967.8875;1300.15025;1512;1494;1450;1466;1380;1137
1172;1140;1095;1055;1056;1129;1328;1573;1629;1085.29175;981.65775;898.73225;623.111;559.8825;681.85;373.32175;841.72075;1195.42925;1470;1332;1339;1340;1266;1134
1109;1085;1093;1063;1078;1138;1327;1525;1598;939.46075;628.22375;575.74525;401.4635;508.06675;706.79275;684.86475;831.25075;1364.4925;1480;1413;1451;1478;1386;1121
1119;1106;1110;1069;1097;1188;1344;1484;1632;1105.209;972.40075;866.1355;782.07625;634.618;472.308;764.1095;783.086;1239.89025;1410;1380;1333;1456;1307;1130
1125;1116;1117;1052;1113;1090;1244;1421;1629;948.2505;717.39925;586.73225;593.97725;472.155;537.1135;833.41425;794.44275;1198.29275;1343;1305;1260;1303;1036;631
505;475;468;524;576;577;509;485;476;-35.1245;-304.39975;-106.7215;-33.7365;-24.84475;-143.26075;-47.1765;334.37575;811.3925;862;836;813;822;579;419
339;332;335;308;328;346;342;352;368;-182.3125;-362.34125;-85.209;-62.735;52.56875;112.506;201.774;310.72325;643.73;839;859;824;810;759;1053
1149;1141;1134;1140;1216;1262;1341;1557;1717;1252.19975;966.85425;923.52825;832.2785;808.90825;996.0585;366.83;706.75;1378.577;1499;1482;1431;1481;1375;1115
1120;1113;1100;1097;1140;1171;1357;1572;1754;1114.2445;775.567;602.4495;732.46375;495.07825;367.27375;379.568;655.4655;1329.105;1529;1436;1443;1502;1304;1080
1119;1127;1114;1080;1108;1189;1396;1685;1784;1131.707;940.84775;668.86525;537.15675;665.816;740.8765;687.10725;890.23375;1373.733;1550;1492;1454;1485;1303;952
915;915;943;876;918;1106;1321;1593;1703;1050.657;916.0865;261.04325;281.69325;356.8565;796.75225;749.20025;1006.682;1225.62675;1481;1474;1475;1509;1308;920
915;960;952;936;981;1094;1320;1543;1709;959.12575;556.757;361.1015;515.33875;471.841;435.95575;794.21075;995.26525;1369.81225;1490;1438;1390;1428;1078;481
459;429;423;385;431;455;525;537;538;152.3855;-53.1555;-23.63325;162.31675;22.3975;-60.42475;-110.98;78.9845;599.3185;797;764;762;767;511;295
312;289;305;291;304;323;346;345;334;-321.6435;-334.89275;-88.8785;-191.2885;-228.7115;-208.98125;-195.65325;158.9715;513.582;802;796;768;757;591;338
357;323;333;308;333;352;400;366;354;-314.61725;-591.23225;-585.63725;-559.49325;-593.32175;-509.49775;-318.9655;133.4785;555.4395;783;737;709;727;704;891
910;915;924;884;911;1007;1226;1478;1624;1080.3095;817.1805;609.28125;317.34725;138.18525;104.56175;127.16325;381.741;948.40075;1263;1228;1275;1294;1022;374
363;352;350;333;380;389;541;528;508;176.106;39.835;182.4525;97.016;56.55475;-1.84425;267.00975;439.33975;818.654;852;840;793;831;761;956
1026;1029;1008;988;1031;1099;1327;1605;1728;1055.0225;675.35425;536.39175;343.71275;412.60725;751.88975;901.7215;1087.22425;1261.01425;1489;1418;1376;1417;1299;1066
1026;1030;1001;983;1048;1130;1357;1537;1650;1093.05225;437.6445;773.141;530.909;474.8455;475.66225;776.36375;856.18175;1313.51925;1405;1340;1340;1289;1085;550
429;324;326;319;341;377;377;390;404;164.729;117.1215;29.2075;-9.2415;247.454;80.0265;342.64525;127.36;614.63725;776;769;741;762;552;318
307;278;279;278;313;328;372;365;361;-47.3475;-166.10875;88.78675;114.13025;97.72025;-88.42725;321.03425;586.003;601.42325;798;788;770;803;751;794
835;864;853;840;875;972;1073;1321;1394;1114.994;924.01575;506.465;623.1675;531.7075;904.3185;822.0285;992.46875;1020.678;1197;1165;1160;1206;1111;895
932;918;936;916;941;1022;1122;1293;1387;985.741;755.1425;691.92125;334.39;66.55925;389.2295;510.002;731.37125;1006.9395;1206;1162;1164;1192;1129;1002
1002;982;965;945;991;997;1112;1265;1334;860.442;916.33075;783.95925;903.8685;802.90225;637.11175;513.4305;812.602;946.3425;1176;1132;1119;1124;1079;932
932;931;914;914;954;974;1125;1268;1374;961.61925;978.9455;437.80775;825.54775;323.03125;237.441;777.75775;541.45525;1140.16525;1164;1159;1129;1152;1094;938
928;944;926;905;966;958;1092;1171;1255;730.59925;438.053;567.8175;167.509;35.8775;189.83;405.613;635.123;940.46525;1107;1078;1066;1099;919;536
483;487;492;457;499;522;451;440;454;-125.87025;-447.83225;-379.04825;-507.687;-412.1285;-278.93725;-138.35325;201.08525;498.9125;731;728;698;720;496;292
297;286;305;284;306;289;322;348;339;-216.33575;-471.369;-598.589;-518.99125;-352.96075;-337.10025;-281.5555;-112.96775;355.89825;720;744;694;706;659;709
797;755;794;750;764;772;930;1170;1300;1048.64275;724.9605;395.073;335.0855;395.89875;478.213;528.18425;740.6155;956.06525;1112;1051;1028;1039;1003;763
741;724;731;691;741;748;922;1216;1355;798.539;454.815;341.57325;10.708;184.30675;364.6225;-49.76;261.79475;682.8605;996;949;943;920;897;680
646;634;642;627;648;684;938;1108;1132;695.97425;299.7095;181.83625;-50.8985;-138.025;-90.0855;-98.2415;57.54525;381.703;519;507;516;545;387;184
171;170;170;169;188;197;232;278;323;-257.21475;-641.23725;-853.6765;-1035.943;-1023.54525;-1021.3315;-855.29125;-466.327;-226.16125;221;207;200;194;159;104
100;101;104;104;125;133;145;144;136;-432.25025;-842.21925;-999.50875;-1101.1755;-1060.9275;-1052.332;-1060.35125;-827.827;-194.96175;122;123;124;122;116;103
103;104;102;102;123;127;140;129;121;-292.39325;-432.3595;-729.98475;-863.0475;-935.92;-883.65675;-732.57625;-404.228;-253.2005;121;121;122;121;117;107
103;103;104;105;124;129;153;32;0;-211.25375;-788.4135;-821.33825;-586.76025;-569.59375;-703.78775;-804.83775;-325.08825;-167.588;115;117;116;117;113;102
100;95;95;97;116;127;149;265;276;-313.0315;-529.67975;-693.143;-798.785;-585.082;-534.1435;-346.49075;-429.613;-230.78575;230;234;217;202;200;182
180;166;158;157;177;183;218;304;380;117.49825;-113.49825;-311.99425;-248.526;-183.85525;-219.926;-100.817;16.962;38.471;204;222;197;199;191;180
176;148;144;146;167;175;194;240;300;-372.04725;-476.04325;-739.2715;-910.07875;-993.28825;-782.9675;-609.73275;-296.79275;-104.14875;155;150;149;151;150;136
134;126;122;123;145;152;174;281;282;-86.132;-421.0555;-578.97075;-510.09675;-536.29725;-563.3215;-558.588;-376.143;-134.3115;167;167;160;162;157;147
143;141;142;143;160;161;179;174;170;-242.3905;-516.6675;-722.591;-904.16075;-917.908;-838.88225;-809.21625;-479.99975;-161.7455;150;155;157;157;153;142
